Time,Load(kW),PV(kW),Upper load limit(kW),Upper PV limit(kW)
2024-01-01 00:00:00,0.9412646465957715,0.0,5.0,4.0
2024-01-01 01:00:00,0.9114197401354923,0.0,5.0,4.0
2024-01-01 02:00:00,1.160424294427308,0.0,5.0,4.0
2024-01-01 03:00:00,1.0613204537237961,0.0,5.0,4.0
2024-01-01 04:00:00,0.8974507734522429,0.0,5.0,4.0
2024-01-01 05:00:00,0.8979857730221514,0.0,5.0,4.0
2024-01-01 06:00:00,3.0410925787751077,0.0777102485200136,5.0,4.0
2024-01-01 07:00:00,4.04776687222015,0.8734421228577451,5.0,4.0
2024-01-01 08:00:00,4.262778380920876,1.4433276768222782,5.0,4.0
2024-01-01 09:00:00,2.15840530033813,1.6002064609308806,5.0,4.0
2024-01-01 10:00:00,1.6125904459216818,2.4903494346826784,5.0,4.0
2024-01-01 11:00:00,1.6728524971489451,3.1517069264363915,5.0,4.0
2024-01-01 12:00:00,2.0390260734085492,2.439186959205874,5.0,4.0
2024-01-01 13:00:00,2.0053146012219725,2.8683331047511564,5.0,4.0
2024-01-01 14:00:00,2.100711163829028,2.0762906876364515,5.0,4.0
2024-01-01 15:00:00,1.6670156488379397,2.1678961431979196,5.0,4.0
2024-01-01 16:00:00,1.798290142761561,1.4911298563505782,5.0,4.0
2024-01-01 17:00:00,2.0335163409677794,0.6298041025707333,5.0,4.0
2024-01-01 18:00:00,4.381808830252336,0.0,5.0,4.0
2024-01-01 19:00:00,5.0,0.0,5.0,4.0
2024-01-01 20:00:00,3.9882568087150365,0.0,5.0,4.0
2024-01-01 21:00:00,4.027131470204543,0.0,5.0,4.0
2024-01-01 22:00:00,4.135649023435462,0.0,5.0,4.0
2024-01-01 23:00:00,0.6613321728928732,0.0,5.0,4.0
2024-01-02 00:00:00,0.9246126954438919,0.0,5.0,4.0
2024-01-02 01:00:00,0.7559501662691122,0.0,5.0,4.0
2024-01-02 02:00:00,0.6682776229968559,0.0,5.0,4.0
2024-01-02 03:00:00,0.9089654821730756,0.0,5.0,4.0
2024-01-02 04:00:00,0.9078749381819498,0.0,5.0,4.0
2024-01-02 05:00:00,0.7635713284591474,0.0,5.0,4.0
2024-01-02 06:00:00,3.446568900217046,0.0636312923115925,5.0,4.0
2024-01-02 07:00:00,2.546811103450036,0.6889925556619415,5.0,4.0
2024-01-02 08:00:00,3.51344449154854,1.7191830830537673,5.0,4.0
2024-01-02 09:00:00,2.0469568345432805,1.5786083290910464,5.0,4.0
2024-01-02 10:00:00,2.315281199925124,2.4505981193173825,5.0,4.0
2024-01-02 11:00:00,2.1483209333124726,3.1423182035542445,5.0,4.0
2024-01-02 12:00:00,2.0818387721240943,3.372914824646651,5.0,4.0
2024-01-02 13:00:00,1.469944038975656,2.7073913190769634,5.0,4.0
2024-01-02 14:00:00,1.6667763937068458,2.8946833962128897,5.0,4.0
2024-01-02 15:00:00,1.6496402365684235,1.9823935276089246,5.0,4.0
2024-01-02 16:00:00,1.4523804336119697,1.1076560206588069,5.0,4.0
2024-01-02 17:00:00,2.0088482253565254,0.7579542456331277,5.0,4.0
2024-01-02 18:00:00,4.158846025196015,0.0,5.0,4.0
2024-01-02 19:00:00,5.0,0.0,5.0,4.0
2024-01-02 20:00:00,4.553560500840163,0.0,5.0,4.0
2024-01-02 21:00:00,3.8766234166650113,0.0,5.0,4.0
2024-01-02 22:00:00,4.084314035561748,0.0,5.0,4.0
2024-01-02 23:00:00,0.908973434451717,0.0,5.0,4.0
2024-01-03 00:00:00,0.8277349147145727,0.0,5.0,4.0
2024-01-03 01:00:00,0.9288291961455506,0.0,5.0,4.0
2024-01-03 02:00:00,0.6505776804002285,0.0,5.0,4.0
2024-01-03 03:00:00,1.043180639626232,0.0,5.0,4.0
2024-01-03 04:00:00,0.9434951712117975,0.0,5.0,4.0
2024-01-03 05:00:00,0.8407432066714027,0.0,5.0,4.0
2024-01-03 06:00:00,4.197242279982663,0.0373127136498119,5.0,4.0
2024-01-03 07:00:00,4.112979463360088,0.6491741257738978,5.0,4.0
2024-01-03 08:00:00,3.928519576333267,1.0917278494124727,5.0,4.0
2024-01-03 09:00:00,1.8021269623879521,1.5832318278781432,5.0,4.0
2024-01-03 10:00:00,2.303181785969027,2.177094827139367,5.0,4.0
2024-01-03 11:00:00,2.0227301734855976,2.4728563915315527,5.0,4.0
2024-01-03 12:00:00,2.0938797501857884,2.7039377405827576,5.0,4.0
2024-01-03 13:00:00,1.8380448624221828,2.1535236191481486,5.0,4.0
2024-01-03 14:00:00,1.7187355366368244,1.5722053957742361,5.0,4.0
2024-01-03 15:00:00,1.8601665207898033,1.6904353825277654,5.0,4.0
2024-01-03 16:00:00,1.7839924763083952,1.038946681571144,5.0,4.0
2024-01-03 17:00:00,1.4691747572094322,0.4707339318447133,5.0,4.0
2024-01-03 18:00:00,4.134193364959072,0.0,5.0,4.0
2024-01-03 19:00:00,4.350520706345666,0.0,5.0,4.0
2024-01-03 20:00:00,4.81982290342794,0.0,5.0,4.0
2024-01-03 21:00:00,4.96502457123196,0.0,5.0,4.0
2024-01-03 22:00:00,5.0,0.0,5.0,4.0
2024-01-03 23:00:00,0.849687509717819,0.0,5.0,4.0
2024-01-04 00:00:00,1.0419132206023556,0.0,5.0,4.0
2024-01-04 01:00:00,0.8600846750886371,0.0,5.0,4.0
2024-01-04 02:00:00,0.8469483595637564,0.0,5.0,4.0
2024-01-04 03:00:00,0.8692247014507969,0.0,5.0,4.0
2024-01-04 04:00:00,0.8388892854068748,0.0,5.0,4.0
2024-01-04 05:00:00,1.073603929373039,0.0,5.0,4.0
2024-01-04 06:00:00,3.9627410505967027,0.07360618496233662,5.0,4.0
2024-01-04 07:00:00,3.0827540389165966,0.673119694302082,5.0,4.0
2024-01-04 08:00:00,4.217615722509685,1.7449081654988905,5.0,4.0
2024-01-04 09:00:00,2.392732042721167,1.958543406272851,5.0,4.0
2024-01-04 10:00:00,2.755587592189248,2.1704259131320742,5.0,4.0
2024-01-04 11:00:00,1.5777129464949204,4.0,5.0,4.0
2024-01-04 12:00:00,1.7440786469769463,2.8617001821612886,5.0,4.0
2024-01-04 13:00:00,1.7618632111095374,2.7735264825133865,5.0,4.0
2024-01-04 14:00:00,1.2785251564349094,2.6958350278355883,5.0,4.0
2024-01-04 15:00:00,1.7899003860517286,2.307917121630278,5.0,4.0
2024-01-04 16:00:00,1.7580996310366086,1.758053825688226,5.0,4.0
2024-01-04 17:00:00,1.714791452391431,0.6333951760053323,5.0,4.0
2024-01-04 18:00:00,4.454251892473359,0.0,5.0,4.0
2024-01-04 19:00:00,3.8557899131700966,0.0,5.0,4.0
2024-01-04 20:00:00,5.0,0.0,5.0,4.0
2024-01-04 21:00:00,5.0,0.0,5.0,4.0
2024-01-04 22:00:00,3.9331023332925783,0.0,5.0,4.0
2024-01-04 23:00:00,0.772650212782419,0.0,5.0,4.0
2024-01-05 00:00:00,0.7951125134953438,0.0,5.0,4.0
2024-01-05 01:00:00,1.1417013027177685,0.0,5.0,4.0
2024-01-05 02:00:00,0.743210394476478,0.0,5.0,4.0
2024-01-05 03:00:00,0.6630493488189538,0.0,5.0,4.0
2024-01-05 04:00:00,0.8941268694708766,0.0,5.0,4.0
2024-01-05 05:00:00,0.9527823893824052,0.0,5.0,4.0
2024-01-05 06:00:00,2.823451641226093,0.07234316692126808,5.0,4.0
2024-01-05 07:00:00,2.7759007047206126,0.8248278712427135,5.0,4.0
2024-01-05 08:00:00,3.5822238025582522,1.367194483444242,5.0,4.0
2024-01-05 09:00:00,2.8624476500009726,2.37212867263678,5.0,4.0
2024-01-05 10:00:00,1.5345671301929962,2.9482046986401453,5.0,4.0
2024-01-05 11:00:00,1.4050800289833578,3.320818815466801,5.0,4.0
2024-01-05 12:00:00,2.251629459940545,2.678054518982884,5.0,4.0
2024-01-05 13:00:00,2.021658483182811,3.111141728982303,5.0,4.0
2024-01-05 14:00:00,2.3842035029581146,3.3472172065070196,5.0,4.0
2024-01-05 15:00:00,2.0291632696348683,1.8663915000974927,5.0,4.0
2024-01-05 16:00:00,1.8125006330060363,1.2225120234500548,5.0,4.0
2024-01-05 17:00:00,2.305047361963339,0.6831982442014396,5.0,4.0
2024-01-05 18:00:00,4.5878266931370435,0.0,5.0,4.0
2024-01-05 19:00:00,5.0,0.0,5.0,4.0
2024-01-05 20:00:00,4.114621666508364,0.0,5.0,4.0
2024-01-05 21:00:00,4.111616361974652,0.0,5.0,4.0
2024-01-05 22:00:00,4.186603297379941,0.0,5.0,4.0
2024-01-05 23:00:00,0.9778824213860937,0.0,5.0,4.0
2024-01-06 00:00:00,0.9121709292683517,0.0,5.0,4.0
2024-01-06 01:00:00,0.8362168117425798,0.0,5.0,4.0
2024-01-06 02:00:00,0.7475874955482592,0.0,5.0,4.0
2024-01-06 03:00:00,0.9788508927870243,0.0,5.0,4.0
2024-01-06 04:00:00,0.8385864065690198,0.0,5.0,4.0
2024-01-06 05:00:00,0.8664222897844516,0.0,5.0,4.0
2024-01-06 06:00:00,3.084036337283041,0.07305204785406844,5.0,4.0
2024-01-06 07:00:00,3.0101729444381684,0.6615313094728843,5.0,4.0
2024-01-06 08:00:00,2.8697837396718593,1.855866737282214,5.0,4.0
2024-01-06 09:00:00,2.9358933671436365,1.934153103368562,5.0,4.0
2024-01-06 10:00:00,3.155524122149937,3.0491194049220245,5.0,4.0
2024-01-06 11:00:00,2.1096254009815905,3.2635267795442124,5.0,4.0
2024-01-06 12:00:00,2.502112849628434,2.7176851283467447,5.0,4.0
2024-01-06 13:00:00,3.2235917763044557,3.4112469986319303,5.0,4.0
2024-01-06 14:00:00,2.881939225090495,3.2410511236980453,5.0,4.0
2024-01-06 15:00:00,2.010417480018656,1.942112412740752,5.0,4.0
2024-01-06 16:00:00,3.676869683802482,1.611361920542495,5.0,4.0
2024-01-06 17:00:00,3.0007235053823376,1.1014438317796174,5.0,4.0
2024-01-06 18:00:00,4.907368624591263,0.0,5.0,4.0
2024-01-06 19:00:00,5.0,0.0,5.0,4.0
2024-01-06 20:00:00,5.0,0.0,5.0,4.0
2024-01-06 21:00:00,4.962773403494014,0.0,5.0,4.0
2024-01-06 22:00:00,4.250865226273212,0.0,5.0,4.0
2024-01-06 23:00:00,0.8077253891019797,0.0,5.0,4.0
2024-01-07 00:00:00,0.8208838722389723,0.0,5.0,4.0
2024-01-07 01:00:00,0.8723723834558685,0.0,5.0,4.0
2024-01-07 02:00:00,0.8655648039742456,0.0,5.0,4.0
2024-01-07 03:00:00,0.8677738758344992,0.0,5.0,4.0
2024-01-07 04:00:00,1.0143944754542338,0.0,5.0,4.0
2024-01-07 05:00:00,0.6210880953070026,0.0,5.0,4.0
2024-01-07 06:00:00,3.782458051267606,0.04495355951969865,5.0,4.0
2024-01-07 07:00:00,3.4374228643071363,0.7995489861687644,5.0,4.0
2024-01-07 08:00:00,3.0566027184641555,1.106926858761627,5.0,4.0
2024-01-07 09:00:00,2.146444729534615,2.104372961656058,5.0,4.0
2024-01-07 10:00:00,2.1527764919223915,2.389393741328932,5.0,4.0
2024-01-07 11:00:00,2.4439501821259735,2.310772642413661,5.0,4.0
2024-01-07 12:00:00,2.926125536931725,2.883805601191429,5.0,4.0
2024-01-07 13:00:00,1.768606673953366,2.5969006555451744,5.0,4.0
2024-01-07 14:00:00,2.2835240867900817,2.5342357494417698,5.0,4.0
2024-01-07 15:00:00,2.283205744140216,1.7832644410862715,5.0,4.0
2024-01-07 16:00:00,3.1892884453447174,1.3571093697529013,5.0,4.0
2024-01-07 17:00:00,2.519866494981495,0.5323075825202602,5.0,4.0
2024-01-07 18:00:00,3.5606457899469532,0.0,5.0,4.0
2024-01-07 19:00:00,3.8890273088790837,0.0,5.0,4.0
2024-01-07 20:00:00,5.0,0.0,5.0,4.0
2024-01-07 21:00:00,4.961367062134879,0.0,5.0,4.0
2024-01-07 22:00:00,3.674489023145925,0.0,5.0,4.0
2024-01-07 23:00:00,0.8942788737605157,0.0,5.0,4.0
2024-01-08 00:00:00,1.087021795814699,0.0,5.0,4.0
2024-01-08 01:00:00,1.0196183438600503,0.0,5.0,4.0
2024-01-08 02:00:00,0.9242502810203619,0.0,5.0,4.0
2024-01-08 03:00:00,0.8764428398750319,0.0,5.0,4.0
2024-01-08 04:00:00,1.0353939103532437,0.0,5.0,4.0
2024-01-08 05:00:00,0.8544437477065936,0.0,5.0,4.0
2024-01-08 06:00:00,2.742899907191235,0.07778550459319711,5.0,4.0
2024-01-08 07:00:00,3.8534779458854795,0.8004957763567945,5.0,4.0
2024-01-08 08:00:00,3.0211011174792803,1.3132946830045316,5.0,4.0
2024-01-08 09:00:00,2.054187274749722,1.824243096059257,5.0,4.0
2024-01-08 10:00:00,2.2668433922569955,2.1362987944962586,5.0,4.0
2024-01-08 11:00:00,1.7794697826638453,3.068858246189512,5.0,4.0
2024-01-08 12:00:00,2.565894888325496,2.428250626101728,5.0,4.0
2024-01-08 13:00:00,1.952410693820143,2.9734355713594605,5.0,4.0
2024-01-08 14:00:00,1.8818169735861545,2.8236606717763975,5.0,4.0
2024-01-08 15:00:00,1.798083786666326,1.940429347972767,5.0,4.0
2024-01-08 16:00:00,2.0463795554261126,1.3299954659546354,5.0,4.0
2024-01-08 17:00:00,2.188021303550872,0.7240354888681284,5.0,4.0
2024-01-08 18:00:00,5.0,0.0,5.0,4.0
2024-01-08 19:00:00,4.035033393397723,0.0,5.0,4.0
2024-01-08 20:00:00,4.845505384197902,0.0,5.0,4.0
2024-01-08 21:00:00,3.6243516883090248,0.0,5.0,4.0
2024-01-08 22:00:00,3.763325602719413,0.0,5.0,4.0
2024-01-08 23:00:00,0.7976159150440838,0.0,5.0,4.0
2024-01-09 00:00:00,0.9311453242763004,0.0,5.0,4.0
2024-01-09 01:00:00,0.8816518683145943,0.0,5.0,4.0
2024-01-09 02:00:00,0.754593309324378,0.0,5.0,4.0
2024-01-09 03:00:00,0.8474699997925642,0.0,5.0,4.0
2024-01-09 04:00:00,0.7956145158991409,0.0,5.0,4.0
2024-01-09 05:00:00,0.8144867885470254,0.0,5.0,4.0
2024-01-09 06:00:00,3.6113817570241538,0.05971473130282197,5.0,4.0
2024-01-09 07:00:00,3.257559540086515,0.8079963409655347,5.0,4.0
2024-01-09 08:00:00,3.982487918966348,1.624030379556803,5.0,4.0
2024-01-09 09:00:00,1.8149017893434647,1.965840801537003,5.0,4.0
2024-01-09 10:00:00,2.4101902801044397,2.8389482530939585,5.0,4.0
2024-01-09 11:00:00,2.2994880019212003,2.9288902881267185,5.0,4.0
2024-01-09 12:00:00,2.128390994052261,2.696883711014988,5.0,4.0
2024-01-09 13:00:00,1.692392867448657,2.752966836712798,5.0,4.0
2024-01-09 14:00:00,1.5782133670712626,2.941360567361537,5.0,4.0
2024-01-09 15:00:00,1.8756820923960216,2.2880165858551544,5.0,4.0
2024-01-09 16:00:00,1.8462418096627857,1.3541161885899569,5.0,4.0
2024-01-09 17:00:00,1.9845892275498171,0.6005130661237742,5.0,4.0
2024-01-09 18:00:00,4.324804791737321,0.0,5.0,4.0
2024-01-09 19:00:00,4.934928472816158,0.0,5.0,4.0
2024-01-09 20:00:00,4.437260862299203,0.0,5.0,4.0
2024-01-09 21:00:00,4.390588949363703,0.0,5.0,4.0
2024-01-09 22:00:00,3.61932615669682,0.0,5.0,4.0
2024-01-09 23:00:00,0.9526455154983733,0.0,5.0,4.0
2024-01-10 00:00:00,0.747140050433614,0.0,5.0,4.0
2024-01-10 01:00:00,0.7056437164121506,0.0,5.0,4.0
2024-01-10 02:00:00,0.9835998880950457,0.0,5.0,4.0
2024-01-10 03:00:00,1.0402656637469618,0.0,5.0,4.0
2024-01-10 04:00:00,0.9937304424133173,0.0,5.0,4.0
2024-01-10 05:00:00,0.9211128807008806,0.0,5.0,4.0
2024-01-10 06:00:00,4.153984726283978,0.046007251890120476,5.0,4.0
2024-01-10 07:00:00,4.2372379279530925,0.553581129364949,5.0,4.0
2024-01-10 08:00:00,3.7564358546319165,1.1576415222480596,5.0,4.0
2024-01-10 09:00:00,1.7987931633674659,1.6295535819978548,5.0,4.0
2024-01-10 10:00:00,2.197159005726167,1.8993409873797378,5.0,4.0
2024-01-10 11:00:00,1.9602641676373265,2.380009693386022,5.0,4.0
2024-01-10 12:00:00,2.1245482110771747,2.181379040888688,5.0,4.0
2024-01-10 13:00:00,1.8837125295954005,2.3436722755979935,5.0,4.0
2024-01-10 14:00:00,1.529834180365086,1.5891420454406417,5.0,4.0
2024-01-10 15:00:00,1.6768684568428205,1.574651912359312,5.0,4.0
2024-01-10 16:00:00,1.8385180338685583,1.3151466197558903,5.0,4.0
2024-01-10 17:00:00,1.858181519721275,0.49038220502170254,5.0,4.0
2024-01-10 18:00:00,4.27276557575809,0.0,5.0,4.0
2024-01-10 19:00:00,4.2558015119213835,0.0,5.0,4.0
2024-01-10 20:00:00,4.889764819622117,0.0,5.0,4.0
2024-01-10 21:00:00,4.634449517881884,0.0,5.0,4.0
2024-01-10 22:00:00,4.40807241889138,0.0,5.0,4.0
2024-01-10 23:00:00,0.7660256219142751,0.0,5.0,4.0
2024-01-11 00:00:00,1.0685052266667838,0.0,5.0,4.0
2024-01-11 01:00:00,0.9993529748256442,0.0,5.0,4.0
2024-01-11 02:00:00,1.036645489133509,0.0,5.0,4.0
2024-01-11 03:00:00,0.906546081611553,0.0,5.0,4.0
2024-01-11 04:00:00,0.8914157098752615,0.0,5.0,4.0
2024-01-11 05:00:00,0.8268544673657056,0.0,5.0,4.0
2024-01-11 06:00:00,4.1310075582184265,0.07055391491922758,5.0,4.0
2024-01-11 07:00:00,3.123708121340737,0.7215614267224826,5.0,4.0
2024-01-11 08:00:00,3.7943286387304,1.685180882480313,5.0,4.0
2024-01-11 09:00:00,2.5391008358270004,2.594234019826508,5.0,4.0
2024-01-11 10:00:00,2.9369256229950906,2.432000665560573,5.0,4.0
2024-01-11 11:00:00,1.6202543280803563,3.1251269956133476,5.0,4.0
2024-01-11 12:00:00,2.35973813468872,2.7481770425570415,5.0,4.0
2024-01-11 13:00:00,1.5979915054871685,2.730362427557278,5.0,4.0
2024-01-11 14:00:00,1.1917855761834169,2.4579540114651017,5.0,4.0
2024-01-11 15:00:00,1.8506146871358313,2.203450928684415,5.0,4.0
2024-01-11 16:00:00,2.0022780310726613,1.8278565587426285,5.0,4.0
2024-01-11 17:00:00,2.0373450408668687,0.6079537532616268,5.0,4.0
2024-01-11 18:00:00,3.7490811601551837,0.0,5.0,4.0
2024-01-11 19:00:00,4.613298000064644,0.0,5.0,4.0
2024-01-11 20:00:00,4.339883396489679,0.0,5.0,4.0
2024-01-11 21:00:00,5.0,0.0,5.0,4.0
2024-01-11 22:00:00,5.0,0.0,5.0,4.0
2024-01-11 23:00:00,0.7230494058678293,0.0,5.0,4.0
2024-01-12 00:00:00,0.6422091329606653,0.0,5.0,4.0
2024-01-12 01:00:00,1.2022763715036915,0.0,5.0,4.0
2024-01-12 02:00:00,0.8384041329439441,0.0,5.0,4.0
2024-01-12 03:00:00,0.8584814264577131,0.0,5.0,4.0
2024-01-12 04:00:00,0.7142833893045423,0.0,5.0,4.0
2024-01-12 05:00:00,0.8698420179842477,0.0,5.0,4.0
2024-01-12 06:00:00,2.7558988779630367,0.06925403518808276,5.0,4.0
2024-01-12 07:00:00,2.844392736656092,0.8715271581157027,5.0,4.0
2024-01-12 08:00:00,3.1086716618732027,1.4985714080229782,5.0,4.0
2024-01-12 09:00:00,2.4413759439891844,2.3856182681017906,5.0,4.0
2024-01-12 10:00:00,1.866075428751734,2.2311254171333754,5.0,4.0
2024-01-12 11:00:00,1.317986432358026,3.5393890104828207,5.0,4.0
2024-01-12 12:00:00,2.084898807740391,2.7111275188693362,5.0,4.0
2024-01-12 13:00:00,2.130044988564907,2.9805750749086055,5.0,4.0
2024-01-12 14:00:00,2.4629062408453968,2.6322048941089933,5.0,4.0
2024-01-12 15:00:00,2.508887794259133,2.658371043363569,5.0,4.0
2024-01-12 16:00:00,1.9399359690352675,1.5959778733784402,5.0,4.0
2024-01-12 17:00:00,2.472875870649519,0.7833681091446931,5.0,4.0
2024-01-12 18:00:00,4.033532401771712,0.0,5.0,4.0
2024-01-12 19:00:00,4.948705775438654,0.0,5.0,4.0
2024-01-12 20:00:00,4.544214959945877,0.0,5.0,4.0
2024-01-12 21:00:00,2.9584669100952574,0.0,5.0,4.0
2024-01-12 22:00:00,3.791566291062436,0.0,5.0,4.0
2024-01-12 23:00:00,0.6119961780501691,0.0,5.0,4.0
2024-01-13 00:00:00,0.8353324002773288,0.0,5.0,4.0
2024-01-13 01:00:00,0.9802409994659351,0.0,5.0,4.0
2024-01-13 02:00:00,0.9630322291014098,0.0,5.0,4.0
2024-01-13 03:00:00,0.9407166820201196,0.0,5.0,4.0
2024-01-13 04:00:00,0.9974491693333457,0.0,5.0,4.0
2024-01-13 05:00:00,0.6970759648929798,0.0,5.0,4.0
2024-01-13 06:00:00,2.443090756723965,0.07324350358920884,5.0,4.0
2024-01-13 07:00:00,3.4149599500860335,0.8518505315885663,5.0,4.0
2024-01-13 08:00:00,2.382871335548545,1.6226164801510425,5.0,4.0
2024-01-13 09:00:00,2.499404348225606,2.617559863237949,5.0,4.0
2024-01-13 10:00:00,3.2155184370181487,2.476133934764171,5.0,4.0
2024-01-13 11:00:00,2.1952472954677944,2.6831411029065557,5.0,4.0
2024-01-13 12:00:00,2.472040401785933,3.749966607938404,5.0,4.0
2024-01-13 13:00:00,2.805458190581265,3.3844675207700443,5.0,4.0
2024-01-13 14:00:00,2.462428569742447,2.465817400600578,5.0,4.0
2024-01-13 15:00:00,2.3066848097576234,1.9090873570849092,5.0,4.0
2024-01-13 16:00:00,3.3031748928176206,1.2272482601536323,5.0,4.0
2024-01-13 17:00:00,3.414424072326175,0.7017321323843067,5.0,4.0
2024-01-13 18:00:00,4.317505246695709,0.0,5.0,4.0
2024-01-13 19:00:00,5.0,0.0,5.0,4.0
2024-01-13 20:00:00,4.9438359751545855,0.0,5.0,4.0
2024-01-13 21:00:00,4.556316713785751,0.0,5.0,4.0
2024-01-13 22:00:00,4.658817397284073,0.0,5.0,4.0
2024-01-13 23:00:00,0.807615666779195,0.0,5.0,4.0
2024-01-14 00:00:00,0.8424419247329133,0.0,5.0,4.0
2024-01-14 01:00:00,0.8420816506805618,0.0,5.0,4.0
2024-01-14 02:00:00,0.8846972781071445,0.0,5.0,4.0
2024-01-14 03:00:00,0.6625942374404158,0.0,5.0,4.0
2024-01-14 04:00:00,0.6989185502132391,0.0,5.0,4.0
2024-01-14 05:00:00,0.8680758017500309,0.0,5.0,4.0
2024-01-14 06:00:00,4.121797626110448,0.05708313199832287,5.0,4.0
2024-01-14 07:00:00,3.8156841679078703,0.7193736011354378,5.0,4.0
2024-01-14 08:00:00,3.9721612035578002,1.5421220949563006,5.0,4.0
2024-01-14 09:00:00,2.282237198908805,1.6359797212328926,5.0,4.0
2024-01-14 10:00:00,1.9493160438540003,2.384882700207503,5.0,4.0
2024-01-14 11:00:00,2.2488533892946956,2.0147152739301597,5.0,4.0
2024-01-14 12:00:00,2.2537407731731522,2.2061786779834245,5.0,4.0
2024-01-14 13:00:00,2.5918904406548475,2.860332095820792,5.0,4.0
2024-01-14 14:00:00,2.443404732964597,2.745731847722956,5.0,4.0
2024-01-14 15:00:00,2.4989146923064656,1.5800736212858677,5.0,4.0
2024-01-14 16:00:00,3.498392287199075,1.2982219860697943,5.0,4.0
2024-01-14 17:00:00,2.5665572572908433,0.5444264735138804,5.0,4.0
2024-01-14 18:00:00,3.4108666578075324,0.0,5.0,4.0
2024-01-14 19:00:00,3.5855041871329267,0.0,5.0,4.0
2024-01-14 20:00:00,5.0,0.0,5.0,4.0
2024-01-14 21:00:00,5.0,0.0,5.0,4.0
2024-01-14 22:00:00,3.6165979337247847,0.0,5.0,4.0
2024-01-14 23:00:00,0.865209715818293,0.0,5.0,4.0
2024-01-15 00:00:00,0.8383785144371623,0.0,5.0,4.0
2024-01-15 01:00:00,0.8791780651453052,0.0,5.0,4.0
2024-01-15 02:00:00,1.0252755425416002,0.0,5.0,4.0
2024-01-15 03:00:00,0.8414656199260019,0.0,5.0,4.0
2024-01-15 04:00:00,0.9234277224577236,0.0,5.0,4.0
2024-01-15 05:00:00,0.8431079067253775,0.0,5.0,4.0
2024-01-15 06:00:00,2.6973690294110546,0.06916293982557457,5.0,4.0
2024-01-15 07:00:00,4.14567510060566,0.6977507236611602,5.0,4.0
2024-01-15 08:00:00,4.212110183357029,1.7275553235490544,5.0,4.0
2024-01-15 09:00:00,2.212977817649648,1.9152141328290355,5.0,4.0
2024-01-15 10:00:00,1.9680876221280146,3.026277635543216,5.0,4.0
2024-01-15 11:00:00,1.5506391795689165,3.255145614722096,5.0,4.0
2024-01-15 12:00:00,2.094061155779664,3.359692381846174,5.0,4.0
2024-01-15 13:00:00,1.6154839254535145,2.165107124328002,5.0,4.0
2024-01-15 14:00:00,1.747014233467331,2.6596705569788788,5.0,4.0
2024-01-15 15:00:00,1.8087785773082283,1.8431592647940749,5.0,4.0
2024-01-15 16:00:00,2.161968817500748,1.059775213446797,5.0,4.0
2024-01-15 17:00:00,2.1491661393689006,0.5389812774190408,5.0,4.0
2024-01-15 18:00:00,4.358436728819255,0.0,5.0,4.0
2024-01-15 19:00:00,4.626881475745416,0.0,5.0,4.0
2024-01-15 20:00:00,3.650028387819747,0.0,5.0,4.0
2024-01-15 21:00:00,4.330284858853776,0.0,5.0,4.0
2024-01-15 22:00:00,4.205865115622488,0.0,5.0,4.0
2024-01-15 23:00:00,0.7098409376559498,0.0,5.0,4.0
2024-01-16 00:00:00,0.9813843036984962,0.0,5.0,4.0
2024-01-16 01:00:00,0.8339831426559586,0.0,5.0,4.0
2024-01-16 02:00:00,0.8114602719014409,0.0,5.0,4.0
2024-01-16 03:00:00,1.0199208067585517,0.0,5.0,4.0
2024-01-16 04:00:00,0.6364787032807062,0.0,5.0,4.0
2024-01-16 05:00:00,0.6908831458521292,0.0,5.0,4.0
2024-01-16 06:00:00,3.6881131803453373,0.06461150050160981,5.0,4.0
2024-01-16 07:00:00,3.0996206803496706,0.7024158592838602,5.0,4.0
2024-01-16 08:00:00,3.7149943771310587,1.4492347006660942,5.0,4.0
2024-01-16 09:00:00,2.2100552415839503,2.2280829024023765,5.0,4.0
2024-01-16 10:00:00,2.318312904733347,2.4401448638388885,5.0,4.0
2024-01-16 11:00:00,2.1919450502727726,2.6914852289544124,5.0,4.0
2024-01-16 12:00:00,1.9617055952963338,2.7726114210343544,5.0,4.0
2024-01-16 13:00:00,1.6511027580492637,3.7229048741356023,5.0,4.0
2024-01-16 14:00:00,1.7538739718556964,2.40168093975906,5.0,4.0
2024-01-16 15:00:00,1.940795225752582,1.914361387290097,5.0,4.0
2024-01-16 16:00:00,1.3002144904451822,1.1457465278303043,5.0,4.0
2024-01-16 17:00:00,1.5103173385425628,0.5966163322622012,5.0,4.0
2024-01-16 18:00:00,4.196726624954557,0.0,5.0,4.0
2024-01-16 19:00:00,5.0,0.0,5.0,4.0
2024-01-16 20:00:00,4.538307316580477,0.0,5.0,4.0
2024-01-16 21:00:00,4.053164009740404,0.0,5.0,4.0
2024-01-16 22:00:00,4.268796877951862,0.0,5.0,4.0
2024-01-16 23:00:00,0.6136114275480525,0.0,5.0,4.0
2024-01-17 00:00:00,0.8502837843419626,0.0,5.0,4.0
2024-01-17 01:00:00,0.8650758603184946,0.0,5.0,4.0
2024-01-17 02:00:00,0.7511721034219637,0.0,5.0,4.0
2024-01-17 03:00:00,1.074205618275541,0.0,5.0,4.0
2024-01-17 04:00:00,0.9670145655189462,0.0,5.0,4.0
2024-01-17 05:00:00,0.8306656715873473,0.0,5.0,4.0
2024-01-17 06:00:00,4.422257184892878,0.07126953835806936,5.0,4.0
2024-01-17 07:00:00,4.281840683203343,0.6391097634261804,5.0,4.0
2024-01-17 08:00:00,3.2654585702555883,1.0328525413481586,5.0,4.0
2024-01-17 09:00:00,2.1234430291920203,1.4922359376634429,5.0,4.0
2024-01-17 10:00:00,2.1251299460718087,1.9261265572106299,5.0,4.0
2024-01-17 11:00:00,2.2381850023813974,2.4109981381414194,5.0,4.0
2024-01-17 12:00:00,2.28890798037306,2.180290702214947,5.0,4.0
2024-01-17 13:00:00,1.9234790826921742,1.932327593295167,5.0,4.0
2024-01-17 14:00:00,1.7094002527663044,2.1284336446898933,5.0,4.0
2024-01-17 15:00:00,1.9434301028683683,1.4017173913793841,5.0,4.0
2024-01-17 16:00:00,1.938138459492599,1.2958090182424606,5.0,4.0
2024-01-17 17:00:00,1.7821568335630218,0.6438815148046325,5.0,4.0
2024-01-17 18:00:00,3.9496543352741056,0.0,5.0,4.0
2024-01-17 19:00:00,4.14127628320302,0.0,5.0,4.0
2024-01-17 20:00:00,4.027468557228458,0.0,5.0,4.0
2024-01-17 21:00:00,5.0,0.0,5.0,4.0
2024-01-17 22:00:00,4.549694454618519,0.0,5.0,4.0
2024-01-17 23:00:00,0.8304664480443984,0.0,5.0,4.0
2024-01-18 00:00:00,1.0441903584336527,0.0,5.0,4.0
2024-01-18 01:00:00,0.7690080376922469,0.0,5.0,4.0
2024-01-18 02:00:00,1.3043696080761196,0.0,5.0,4.0
2024-01-18 03:00:00,0.8827975642496892,0.0,5.0,4.0
2024-01-18 04:00:00,0.842988957326434,0.0,5.0,4.0
2024-01-18 05:00:00,0.9239349672442164,0.0,5.0,4.0
2024-01-18 06:00:00,4.234813841041732,0.07278581685278611,5.0,4.0
2024-01-18 07:00:00,2.8489594493286203,0.8739230997539847,5.0,4.0
2024-01-18 08:00:00,4.4974073594976645,1.8845005923565457,5.0,4.0
2024-01-18 09:00:00,2.5705965152301986,2.0939957062880725,5.0,4.0
2024-01-18 10:00:00,2.177442868911924,2.6964847327573236,5.0,4.0
2024-01-18 11:00:00,1.498560643630492,3.540676893038879,5.0,4.0
2024-01-18 12:00:00,1.6081972880067443,3.8448683816036255,5.0,4.0
2024-01-18 13:00:00,1.7169150875312271,2.807995170434402,5.0,4.0
2024-01-18 14:00:00,1.3600180991595998,2.006021124156726,5.0,4.0
2024-01-18 15:00:00,2.1674933434791677,2.1785380227836724,5.0,4.0
2024-01-18 16:00:00,1.6863596454103926,1.1493244671049556,5.0,4.0
2024-01-18 17:00:00,1.7980437476868047,0.8321691522577975,5.0,4.0
2024-01-18 18:00:00,4.01222218308041,0.0,5.0,4.0
2024-01-18 19:00:00,3.7360689670264593,0.0,5.0,4.0
2024-01-18 20:00:00,4.877128467957028,0.0,5.0,4.0
2024-01-18 21:00:00,4.533080986115236,0.0,5.0,4.0
2024-01-18 22:00:00,3.4225600005036125,0.0,5.0,4.0
2024-01-18 23:00:00,0.7545240500932079,0.0,5.0,4.0
2024-01-19 00:00:00,0.7570755296094345,0.0,5.0,4.0
2024-01-19 01:00:00,1.1326352589979547,0.0,5.0,4.0
2024-01-19 02:00:00,1.0049318499658024,0.0,5.0,4.0
2024-01-19 03:00:00,0.8499826970799861,0.0,5.0,4.0
2024-01-19 04:00:00,0.8269241980984832,0.0,5.0,4.0
2024-01-19 05:00:00,0.8229152284363835,0.0,5.0,4.0
2024-01-19 06:00:00,3.4632747801013433,0.06938027354800928,5.0,4.0
2024-01-19 07:00:00,2.982590891931156,0.7941754856939808,5.0,4.0
2024-01-19 08:00:00,3.5491659138023754,1.498116406528555,5.0,4.0
2024-01-19 09:00:00,2.273968632319595,2.033047015612371,5.0,4.0
2024-01-19 10:00:00,1.7363987061187593,2.46511368614807,5.0,4.0
2024-01-19 11:00:00,1.4458431758359436,3.017571527380887,5.0,4.0
2024-01-19 12:00:00,1.9663926548540458,3.7429918913687774,5.0,4.0
2024-01-19 13:00:00,1.3551691609300773,3.409415361189702,5.0,4.0
2024-01-19 14:00:00,2.4776202787743404,1.7953834717038781,5.0,4.0
2024-01-19 15:00:00,2.0089229433751052,1.987061393834762,5.0,4.0
2024-01-19 16:00:00,1.7094468096260607,1.230450627061962,5.0,4.0
2024-01-19 17:00:00,2.0649756852009733,0.8207693928618239,5.0,4.0
2024-01-19 18:00:00,4.882018756749478,0.0,5.0,4.0
2024-01-19 19:00:00,5.0,0.0,5.0,4.0
2024-01-19 20:00:00,4.405833999861154,0.0,5.0,4.0
2024-01-19 21:00:00,3.184513673944196,0.0,5.0,4.0
2024-01-19 22:00:00,4.074851190956435,0.0,5.0,4.0
2024-01-19 23:00:00,0.8063866809020855,0.0,5.0,4.0
2024-01-20 00:00:00,0.7535451253559171,0.0,5.0,4.0
2024-01-20 01:00:00,0.9798254149910298,0.0,5.0,4.0
2024-01-20 02:00:00,0.81712653715644,0.0,5.0,4.0
2024-01-20 03:00:00,0.8987970463976263,0.0,5.0,4.0
2024-01-20 04:00:00,0.9187368935862799,0.0,5.0,4.0
2024-01-20 05:00:00,0.8446091204157911,0.0,5.0,4.0
2024-01-20 06:00:00,2.83838977654487,0.08670293233812254,5.0,4.0
2024-01-20 07:00:00,2.9331297730515646,0.9351394148587857,5.0,4.0
2024-01-20 08:00:00,3.182075398693653,1.5682394412257317,5.0,4.0
2024-01-20 09:00:00,2.968097435532705,1.9322354092367289,5.0,4.0
2024-01-20 10:00:00,3.3884220698887146,2.802569302087709,5.0,4.0
2024-01-20 11:00:00,2.1931978474587885,3.6919162031985504,5.0,4.0
2024-01-20 12:00:00,2.312417821969406,2.5870622826571057,5.0,4.0
2024-01-20 13:00:00,2.627779448795528,3.4325927111238665,5.0,4.0
2024-01-20 14:00:00,2.2673605060215523,3.53532747054377,5.0,4.0
2024-01-20 15:00:00,1.84620936098812,2.835149950667669,5.0,4.0
2024-01-20 16:00:00,3.5705615446691286,1.4743601193069533,5.0,4.0
2024-01-20 17:00:00,2.6982363169359473,0.7398317635032913,5.0,4.0
2024-01-20 18:00:00,4.624870424926129,0.0,5.0,4.0
2024-01-20 19:00:00,5.0,0.0,5.0,4.0
2024-01-20 20:00:00,5.0,0.0,5.0,4.0
2024-01-20 21:00:00,4.729302156940853,0.0,5.0,4.0
2024-01-20 22:00:00,4.22964631529013,0.0,5.0,4.0
2024-01-20 23:00:00,0.7464709025883646,0.0,5.0,4.0
2024-01-21 00:00:00,0.9170204777795141,0.0,5.0,4.0
2024-01-21 01:00:00,0.7407237319935915,0.0,5.0,4.0
2024-01-21 02:00:00,0.7870722362101326,0.0,5.0,4.0
2024-01-21 03:00:00,0.9247014784248406,0.0,5.0,4.0
2024-01-21 04:00:00,0.8378039598228452,0.0,5.0,4.0
2024-01-21 05:00:00,0.7496384964591496,0.0,5.0,4.0
2024-01-21 06:00:00,3.5460774317799695,0.06238988950191477,5.0,4.0
2024-01-21 07:00:00,3.412952753768186,0.6070482413319372,5.0,4.0
2024-01-21 08:00:00,3.096560137897712,1.1266082102541937,5.0,4.0
2024-01-21 09:00:00,2.4061895587741198,1.421985594992353,5.0,4.0
2024-01-21 10:00:00,2.5614073435771982,2.4783092622089096,5.0,4.0
2024-01-21 11:00:00,2.4951517082879966,2.9386087290608724,5.0,4.0
2024-01-21 12:00:00,2.8108366129889495,3.0340876326143498,5.0,4.0
2024-01-21 13:00:00,1.8094723880516093,2.0413672560468625,5.0,4.0
2024-01-21 14:00:00,2.292564045048669,2.2557255343276936,5.0,4.0
2024-01-21 15:00:00,2.608094876811658,1.6169641781531423,5.0,4.0
2024-01-21 16:00:00,3.092677475428743,1.065030436600288,5.0,4.0
2024-01-21 17:00:00,2.688468023620713,0.442177463539206,5.0,4.0
2024-01-21 18:00:00,3.393067271984859,0.0,5.0,4.0
2024-01-21 19:00:00,3.5984507833283654,0.0,5.0,4.0
2024-01-21 20:00:00,4.312671603603459,0.0,5.0,4.0
2024-01-21 21:00:00,5.0,0.0,5.0,4.0
2024-01-21 22:00:00,3.80545746984973,0.0,5.0,4.0
2024-01-21 23:00:00,1.0347147143496156,0.0,5.0,4.0
2024-01-22 00:00:00,0.9409600968086077,0.0,5.0,4.0
2024-01-22 01:00:00,0.9412806200315195,0.0,5.0,4.0
2024-01-22 02:00:00,0.9962898224230332,0.0,5.0,4.0
2024-01-22 03:00:00,0.9855444165046727,0.0,5.0,4.0
2024-01-22 04:00:00,0.8660694199564455,0.0,5.0,4.0
2024-01-22 05:00:00,0.9307340035256748,0.0,5.0,4.0
2024-01-22 06:00:00,3.2987026395233823,0.06868395487226947,5.0,4.0
2024-01-22 07:00:00,4.735274951977994,0.7225134935491988,5.0,4.0
2024-01-22 08:00:00,4.454282913945169,1.963901624926336,5.0,4.0
2024-01-22 09:00:00,1.9752859311813709,2.8544565412693403,5.0,4.0
2024-01-22 10:00:00,2.0866522070630658,2.4902763090147517,5.0,4.0
2024-01-22 11:00:00,1.9790937585726835,3.4489160169207853,5.0,4.0
2024-01-22 12:00:00,2.382116675148711,2.365876666105486,5.0,4.0
2024-01-22 13:00:00,1.6218015736579932,2.858650552200828,5.0,4.0
2024-01-22 14:00:00,2.071089157029491,2.886468698477055,5.0,4.0
2024-01-22 15:00:00,1.79431827065963,1.7052896881719755,5.0,4.0
2024-01-22 16:00:00,2.1094580096305564,1.540864301837788,5.0,4.0
2024-01-22 17:00:00,2.2845708048303273,0.7653952755088705,5.0,4.0
2024-01-22 18:00:00,5.0,0.0,5.0,4.0
2024-01-22 19:00:00,4.81650904310409,0.0,5.0,4.0
2024-01-22 20:00:00,3.9656254148137284,0.0,5.0,4.0
2024-01-22 21:00:00,3.755459747397966,0.0,5.0,4.0
2024-01-22 22:00:00,3.9854988593785494,0.0,5.0,4.0
2024-01-22 23:00:00,0.768943165973018,0.0,5.0,4.0
2024-01-23 00:00:00,0.9302927898625946,0.0,5.0,4.0
2024-01-23 01:00:00,0.8201583101834046,0.0,5.0,4.0
2024-01-23 02:00:00,0.6873222106041825,0.0,5.0,4.0
2024-01-23 03:00:00,0.9852967673543225,0.0,5.0,4.0
2024-01-23 04:00:00,0.842097722388309,0.0,5.0,4.0
2024-01-23 05:00:00,0.8018673055534988,0.0,5.0,4.0
2024-01-23 06:00:00,3.4967685513519418,0.06693862568903573,5.0,4.0
2024-01-23 07:00:00,3.269120992656127,0.7126045477258108,5.0,4.0
2024-01-23 08:00:00,3.718504738217261,1.38099122665836,5.0,4.0
2024-01-23 09:00:00,1.8929713737458351,2.046647275217254,5.0,4.0
2024-01-23 10:00:00,2.292417827551883,2.414056612336108,5.0,4.0
2024-01-23 11:00:00,2.5936687975391006,2.4920022763111587,5.0,4.0
2024-01-23 12:00:00,1.8519945581860346,2.764289355772723,5.0,4.0
2024-01-23 13:00:00,1.836788172631214,2.922777782768809,5.0,4.0
2024-01-23 14:00:00,1.7798034267075138,1.9624766712658857,5.0,4.0
2024-01-23 15:00:00,1.7789359507841018,2.311300325262391,5.0,4.0
2024-01-23 16:00:00,1.6464879157629726,1.5656012760756797,5.0,4.0
2024-01-23 17:00:00,1.7617833780456709,0.7629715030483095,5.0,4.0
2024-01-23 18:00:00,5.0,0.0,5.0,4.0
2024-01-23 19:00:00,4.81858071978017,0.0,5.0,4.0
2024-01-23 20:00:00,4.198852596130095,0.0,5.0,4.0
2024-01-23 21:00:00,4.746234831377882,0.0,5.0,4.0
2024-01-23 22:00:00,4.564501814356423,0.0,5.0,4.0
2024-01-23 23:00:00,0.7466147658896444,0.0,5.0,4.0
2024-01-24 00:00:00,0.7958056411958101,0.0,5.0,4.0
2024-01-24 01:00:00,0.7805309405433691,0.0,5.0,4.0
2024-01-24 02:00:00,0.7629963176801878,0.0,5.0,4.0
2024-01-24 03:00:00,0.8753993549013201,0.0,5.0,4.0
2024-01-24 04:00:00,0.8414305683370766,0.0,5.0,4.0
2024-01-24 05:00:00,0.8001151799786834,0.0,5.0,4.0
2024-01-24 06:00:00,4.144652538857499,0.0550299705677451,5.0,4.0
2024-01-24 07:00:00,4.8574005671033476,0.523894867530631,5.0,4.0
2024-01-24 08:00:00,3.7595856353928414,1.145756969508115,5.0,4.0
2024-01-24 09:00:00,1.9509456844527242,1.8853925298552328,5.0,4.0
2024-01-24 10:00:00,1.873131628908416,2.193794321543245,5.0,4.0
2024-01-24 11:00:00,2.1714328339427795,2.465687050406181,5.0,4.0
2024-01-24 12:00:00,2.133714608452843,3.230415656103662,5.0,4.0
2024-01-24 13:00:00,1.8507584627393334,2.084445531081361,5.0,4.0
2024-01-24 14:00:00,1.6774066419718623,1.8465817836837497,5.0,4.0
2024-01-24 15:00:00,1.6915127780408337,1.916867470817889,5.0,4.0
2024-01-24 16:00:00,2.0363680774189996,0.9846483100502422,5.0,4.0
2024-01-24 17:00:00,1.5689520619186297,0.5379644618040736,5.0,4.0
2024-01-24 18:00:00,4.044504728662047,0.0,5.0,4.0
2024-01-24 19:00:00,5.0,0.0,5.0,4.0
2024-01-24 20:00:00,4.9982427191854555,0.0,5.0,4.0
2024-01-24 21:00:00,4.048859383464758,0.0,5.0,4.0
2024-01-24 22:00:00,4.931088539075761,0.0,5.0,4.0
2024-01-24 23:00:00,0.9850836181475876,0.0,5.0,4.0
2024-01-25 00:00:00,0.9535083129416738,0.0,5.0,4.0
2024-01-25 01:00:00,0.8329399558468723,0.0,5.0,4.0
2024-01-25 02:00:00,1.078003983238354,0.0,5.0,4.0
2024-01-25 03:00:00,0.9006845756590688,0.0,5.0,4.0
2024-01-25 04:00:00,0.888780713938798,0.0,5.0,4.0
2024-01-25 05:00:00,1.034578536549206,0.0,5.0,4.0
2024-01-25 06:00:00,3.9689689153530683,0.0619883781632678,5.0,4.0
2024-01-25 07:00:00,2.666800784272228,0.7267132570136096,5.0,4.0
2024-01-25 08:00:00,3.7725126822179273,1.9901410469856073,5.0,4.0
2024-01-25 09:00:00,2.102562145833557,2.344033346702464,5.0,4.0
2024-01-25 10:00:00,2.412621015785747,3.2382569354726263,5.0,4.0
2024-01-25 11:00:00,1.8668338764808396,2.7992880818706887,5.0,4.0
2024-01-25 12:00:00,1.8410824648034045,3.6171708324813614,5.0,4.0
2024-01-25 13:00:00,1.8634337919518213,3.8311433436651514,5.0,4.0
2024-01-25 14:00:00,1.6015243715811835,2.524582266747767,5.0,4.0
2024-01-25 15:00:00,2.1209287676410375,2.5132015345805785,5.0,4.0
2024-01-25 16:00:00,2.0949647050047084,1.5349624228984002,5.0,4.0
2024-01-25 17:00:00,2.058973710140541,0.782280469046082,5.0,4.0
2024-01-25 18:00:00,4.688484071105389,0.0,5.0,4.0
2024-01-25 19:00:00,4.682238894967782,0.0,5.0,4.0
2024-01-25 20:00:00,4.916440959841573,0.0,5.0,4.0
2024-01-25 21:00:00,4.728546085158698,0.0,5.0,4.0
2024-01-25 22:00:00,5.0,0.0,5.0,4.0
2024-01-25 23:00:00,0.6966668322457347,0.0,5.0,4.0
2024-01-26 00:00:00,0.8035434772073281,0.0,5.0,4.0
2024-01-26 01:00:00,1.0172618974704124,0.0,5.0,4.0
2024-01-26 02:00:00,0.8505563702819456,0.0,5.0,4.0
2024-01-26 03:00:00,0.861585665262174,0.0,5.0,4.0
2024-01-26 04:00:00,0.8660127457780614,0.0,5.0,4.0
2024-01-26 05:00:00,0.9295991130309581,0.0,5.0,4.0
2024-01-26 06:00:00,2.3798883346722834,0.07646732375517215,5.0,4.0
2024-01-26 07:00:00,3.1706958610652625,1.0556963813523939,5.0,4.0
2024-01-26 08:00:00,3.373114062539743,1.5816116276445429,5.0,4.0
2024-01-26 09:00:00,2.4725165821953357,2.7387598116528657,5.0,4.0
2024-01-26 10:00:00,1.7255031894273873,2.7962166634939716,5.0,4.0
2024-01-26 11:00:00,1.651459038974461,3.0532930822064097,5.0,4.0
2024-01-26 12:00:00,1.9277597587141182,3.142923292479539,5.0,4.0
2024-01-26 13:00:00,2.041989739550203,2.478627046028404,5.0,4.0
2024-01-26 14:00:00,2.232390269070693,2.3321561327027194,5.0,4.0
2024-01-26 15:00:00,2.328803820327438,1.6235176288225803,5.0,4.0
2024-01-26 16:00:00,1.87827092155488,1.4717890249229406,5.0,4.0
2024-01-26 17:00:00,2.686622383160207,0.6435289965591242,5.0,4.0
2024-01-26 18:00:00,4.21644560188726,0.0,5.0,4.0
2024-01-26 19:00:00,5.0,0.0,5.0,4.0
2024-01-26 20:00:00,3.51424954044688,0.0,5.0,4.0
2024-01-26 21:00:00,2.80049082279947,0.0,5.0,4.0
2024-01-26 22:00:00,4.489641317474459,0.0,5.0,4.0
2024-01-26 23:00:00,0.730169079643934,0.0,5.0,4.0
2024-01-27 00:00:00,0.7707911547414263,0.0,5.0,4.0
2024-01-27 01:00:00,0.9794008529205134,0.0,5.0,4.0
2024-01-27 02:00:00,0.8576598858106227,0.0,5.0,4.0
2024-01-27 03:00:00,0.8811241938629263,0.0,5.0,4.0
2024-01-27 04:00:00,0.7479353926786008,0.0,5.0,4.0
2024-01-27 05:00:00,0.8792364139936965,0.0,5.0,4.0
2024-01-27 06:00:00,3.136146491619069,0.0727601543004183,5.0,4.0
2024-01-27 07:00:00,3.895949142813107,0.7186420632166053,5.0,4.0
2024-01-27 08:00:00,2.5456584633479458,1.4739145632272141,5.0,4.0
2024-01-27 09:00:00,2.86125217963451,2.4654468846991415,5.0,4.0
2024-01-27 10:00:00,3.0269799825883714,3.0347376709591574,5.0,4.0
2024-01-27 11:00:00,2.0245377385281826,3.8808048757549782,5.0,4.0
2024-01-27 12:00:00,2.467196463293337,3.8297469137633806,5.0,4.0
2024-01-27 13:00:00,3.218904116413308,3.3621458044459294,5.0,4.0
2024-01-27 14:00:00,2.7484693751404254,2.9866132048432887,5.0,4.0
2024-01-27 15:00:00,2.4815002792766507,2.7106316990193506,5.0,4.0
2024-01-27 16:00:00,3.5654925177514945,1.6551706547050062,5.0,4.0
2024-01-27 17:00:00,2.8281339213926935,0.8488287037897353,5.0,4.0
2024-01-27 18:00:00,4.328337318278747,0.0,5.0,4.0
2024-01-27 19:00:00,5.0,0.0,5.0,4.0
2024-01-27 20:00:00,4.979921024677829,0.0,5.0,4.0
2024-01-27 21:00:00,3.992635366441325,0.0,5.0,4.0
2024-01-27 22:00:00,4.445472770792546,0.0,5.0,4.0
2024-01-27 23:00:00,0.6996163871953388,0.0,5.0,4.0
2024-01-28 00:00:00,0.9644240692261171,0.0,5.0,4.0
2024-01-28 01:00:00,0.8352188052004839,0.0,5.0,4.0
2024-01-28 02:00:00,0.8691290944646193,0.0,5.0,4.0
2024-01-28 03:00:00,0.6980889244798325,0.0,5.0,4.0
2024-01-28 04:00:00,0.7864714779257761,0.0,5.0,4.0
2024-01-28 05:00:00,0.5785800804120357,0.0,5.0,4.0
2024-01-28 06:00:00,2.978921901436628,0.066061929728604,5.0,4.0
2024-01-28 07:00:00,3.8911724342182965,0.7311475726413577,5.0,4.0
2024-01-28 08:00:00,2.743401934810666,1.3109325118547892,5.0,4.0
2024-01-28 09:00:00,2.310976468417371,1.5778797345513595,5.0,4.0
2024-01-28 10:00:00,2.6715452982205368,2.618818473261839,5.0,4.0
2024-01-28 11:00:00,2.3791056168101874,2.5714226893272656,5.0,4.0
2024-01-28 12:00:00,2.459745318768974,1.8268951003511331,5.0,4.0
2024-01-28 13:00:00,2.1629110436882546,2.2678172088848876,5.0,4.0
2024-01-28 14:00:00,2.200422743811803,2.1521898341184325,5.0,4.0
2024-01-28 15:00:00,2.925507066641312,1.988913411187301,5.0,4.0
2024-01-28 16:00:00,2.8625669981799104,1.3042887715796208,5.0,4.0
2024-01-28 17:00:00,3.2642978852231312,0.6381555853860404,5.0,4.0
2024-01-28 18:00:00,3.7604803011839225,0.0,5.0,4.0
2024-01-28 19:00:00,3.891687125638609,0.0,5.0,4.0
2024-01-28 20:00:00,5.0,0.0,5.0,4.0
2024-01-28 21:00:00,4.955885313829093,0.0,5.0,4.0
2024-01-28 22:00:00,4.58104317219873,0.0,5.0,4.0
2024-01-28 23:00:00,0.8711238067654264,0.0,5.0,4.0
2024-01-29 00:00:00,0.9908389596989029,0.0,5.0,4.0
2024-01-29 01:00:00,0.8747317639984509,0.0,5.0,4.0
2024-01-29 02:00:00,1.233411268218045,0.0,5.0,4.0
2024-01-29 03:00:00,0.9392426448784259,0.0,5.0,4.0
2024-01-29 04:00:00,1.109678722756732,0.0,5.0,4.0
2024-01-29 05:00:00,0.8561431629523412,0.0,5.0,4.0
2024-01-29 06:00:00,3.082260685180715,0.07175689316457327,5.0,4.0
2024-01-29 07:00:00,3.970492503724871,0.7490818963871734,5.0,4.0
2024-01-29 08:00:00,4.326729734021514,1.6504594556575523,5.0,4.0
2024-01-29 09:00:00,2.217596910605409,2.0511702088410098,5.0,4.0
2024-01-29 10:00:00,1.9439843799530192,3.5937039373194954,5.0,4.0
2024-01-29 11:00:00,2.1829399380614576,3.2068213193605537,5.0,4.0
2024-01-29 12:00:00,2.2511884090942544,3.1505294458638873,5.0,4.0
2024-01-29 13:00:00,1.8562789590012907,2.5133964411646934,5.0,4.0
2024-01-29 14:00:00,2.0329158713741915,1.9797088379269467,5.0,4.0
2024-01-29 15:00:00,1.8333723940058506,2.3394298380224607,5.0,4.0
2024-01-29 16:00:00,1.9340015317066008,1.7448520369013953,5.0,4.0
2024-01-29 17:00:00,1.8982724799214254,0.5139511575348741,5.0,4.0
2024-01-29 18:00:00,4.766992411766276,0.0,5.0,4.0
2024-01-29 19:00:00,5.0,0.0,5.0,4.0
2024-01-29 20:00:00,4.666148422190586,0.0,5.0,4.0
2024-01-29 21:00:00,4.296811156584318,0.0,5.0,4.0
2024-01-29 22:00:00,4.233526951548534,0.0,5.0,4.0
2024-01-29 23:00:00,0.7503972564627244,0.0,5.0,4.0
2024-01-30 00:00:00,0.8900612175658327,0.0,5.0,4.0
2024-01-30 01:00:00,1.0232794756089807,0.0,5.0,4.0
2024-01-30 02:00:00,0.8209019534692469,0.0,5.0,4.0
2024-01-30 03:00:00,0.7508946711689848,0.0,5.0,4.0
2024-01-30 04:00:00,0.970274785783661,0.0,5.0,4.0
2024-01-30 05:00:00,0.854310967123513,0.0,5.0,4.0
2024-01-30 06:00:00,3.268767135475685,0.07059770012277063,5.0,4.0
2024-01-30 07:00:00,3.1363470712655293,0.8025943303356825,5.0,4.0
2024-01-30 08:00:00,3.480419443910386,1.334393930787327,5.0,4.0
2024-01-30 09:00:00,1.9738992385050855,2.523710828366596,5.0,4.0
2024-01-30 10:00:00,2.3645099448848375,2.4562424161680307,5.0,4.0
2024-01-30 11:00:00,2.482127236110246,1.6484192578765802,5.0,4.0
2024-01-30 12:00:00,2.1040643369650183,2.187195160012258,5.0,4.0
2024-01-30 13:00:00,1.5464478634191894,2.3622491363039195,5.0,4.0
2024-01-30 14:00:00,1.4044574037152457,2.9648635691835143,5.0,4.0
2024-01-30 15:00:00,1.6516281295489197,2.145170098255876,5.0,4.0
2024-01-30 16:00:00,1.6253881569826982,1.4464543299528307,5.0,4.0
2024-01-30 17:00:00,1.8721625368204535,0.5086160235672597,5.0,4.0
2024-01-30 18:00:00,4.606348426428103,0.0,5.0,4.0
2024-01-30 19:00:00,4.753121708419344,0.0,5.0,4.0
2024-01-30 20:00:00,3.710573799871054,0.0,5.0,4.0
2024-01-30 21:00:00,3.9665492165853005,0.0,5.0,4.0
2024-01-30 22:00:00,4.533435110569456,0.0,5.0,4.0
2024-01-30 23:00:00,0.8547869704414047,0.0,5.0,4.0
